{
  "todos": [
    {
      "id": 1,
      "title": "titolo tmp95",
      "content": "bla bla bla...",
      "done": false
    },
    {
      "id": 2,
      "title": "titolo tmp99",
      "content": "bla bla bla...",
      "done": false
    },
    {
      "id": 3,
      "title": "titolo tmp59",
      "content": "bla bla bla...",
      "done": false
    },
    {
      "id": 4,
      "title": "titolo tmp22",
      "content": "bla bla bla...",
      "done": false
    },
    {
      "id": 5,
      "title": "titolo tmp39",
      "content": "bla bla bla...",
      "done": false
    }
  ]
}